/friends/                                                     /about                                                301
/friends                                                      /about                                                301
/post/achieve_the_sublime/                                    /jotting/achieve-the-sublime                          301
/post/achieve_the_sublime                                     /jotting/achieve-the-sublime                          301
/posts/achieve_the_sublime/                                   /jotting/achieve-the-sublime                          301
/posts/achieve_the_sublime                                    /jotting/achieve-the-sublime                          301
/posts/achieve-the-sublime/                                   /jotting/achieve-the-sublime                          301
/posts/achieve-the-sublime                                    /jotting/achieve-the-sublime                          301
/posts/anime_impressions_july2025/                            /jotting/anime-impressions-summer2025                 301
/posts/anime_impressions_july2025                             /jotting/anime-impressions-summer2025                 301
/posts/anime-impressions-july2025/                            /jotting/anime-impressions-summer2025                 301
/posts/anime-impressions-july2025                             /jotting/anime-impressions-summer2025                 301
/posts/anime-impressions-summer2025/                          /jotting/anime-impressions-summer2025                 301
/posts/anime-impressions-summer2025                           /jotting/anime-impressions-summer2025                 301
/posts/blog_tags_and_post_titles/                             /jotting/blog-tags-and-post-titles                    301
/posts/blog_tags_and_post_titles                              /jotting/blog-tags-and-post-titles                    301
/posts/blog-tags-and-post-titles/                             /jotting/blog-tags-and-post-titles                    301
/posts/blog-tags-and-post-titles                              /jotting/blog-tags-and-post-titles                    301
/post/free_is_the_most_expensive/                             /jotting/free-is-the-most-expensive                   301
/post/free_is_the_most_expensive                              /jotting/free-is-the-most-expensive                   301
/posts/free_is_the_most_expensive/                            /jotting/free-is-the-most-expensive                   301
/posts/free_is_the_most_expensive                             /jotting/free-is-the-most-expensive                   301
/posts/free-is-the-most-expensive/                            /jotting/free-is-the-most-expensive                   301
/posts/free-is-the-most-expensive                             /jotting/free-is-the-most-expensive                   301
/posts/the_plunge_from_fantasy_to_reality/                    /jotting/the-plunge-from-fantasy-to-reality           301
/posts/the_plunge_from_fantasy_to_reality                     /jotting/the-plunge-from-fantasy-to-reality           301
/posts/the-plunge-from-fantasy-to-reality/                    /jotting/the-plunge-from-fantasy-to-reality           301
/posts/the-plunge-from-fantasy-to-reality                     /jotting/the-plunge-from-fantasy-to-reality           301
/post/loopnana/                                               /note/7th-timeloop                                    301
/post/loopnana                                                /note/7th-timeloop                                    301
/post/7th_timeloop/                                           /note/7th-timeloop                                    301
/post/7th_timeloop                                            /note/7th-timeloop                                    301
/posts/7th_timeloop/                                          /note/7th-timeloop                                    301
/posts/7th_timeloop                                           /note/7th-timeloop                                    301
/posts/7th-timeloop/                                          /note/7th-timeloop                                    301
/post/ai_no_idenshi/                                          /note/ai-no-idenshi                                   301
/post/ai_no_idenshi                                           /note/ai-no-idenshi                                   301
/posts/ai_no_idenshi/                                         /note/ai-no-idenshi                                   301
/posts/ai_no_idenshi                                          /note/ai-no-idenshi                                   301
/posts/ai-no-idenshi/                                         /note/ai-no-idenshi                                   301
/post/anime_science_preface/                                  /note/anime-science-preface                           301
/post/anime_science_preface                                   /note/anime-science-preface                           301
/posts/anime_science_preface/                                 /note/anime-science-preface                           301
/posts/anime_science_preface                                  /note/anime-science-preface                           301
/posts/anime-science-preface/                                 /note/anime-science-preface                           301
/posts/anti_malicious_mirroring/                              /note/anti-malicious-mirroring                        301
/posts/anti_malicious_mirroring                               /note/anti-malicious-mirroring                        301
/posts/anti-malicious-mirroring/                              /note/anti-malicious-mirroring                        301
/posts/ao-buta_knapsack/                                      /note/ao-buta-knapsack                                301
/posts/ao-buta_knapsack                                       /note/ao-buta-knapsack                                301
/posts/ao-buta-knapsack/                                      /note/ao-buta-knapsack                                301
/posts/aonatsu_line/                                          /note/aonatsu-line                                    301
/posts/aonatsu_line                                           /note/aonatsu-line                                    301
/posts/aonatsu-line/                                          /note/aonatsu-line                                    301
/posts/apocalypse_hotel/                                      /note/apocalypse-hotel                                301
/posts/apocalypse_hotel                                       /note/apocalypse-hotel                                301
/posts/apocalypse-hotel/                                      /note/apocalypse-hotel                                301
/post/atri_my_dear_moments/                                   /note/atri-my-dear-moments                            301
/post/atri_my_dear_moments                                    /note/atri-my-dear-moments                            301
/posts/atri_my_dear_moments/                                  /note/atri-my-dear-moments                            301
/posts/atri_my_dear_moments                                   /note/atri-my-dear-moments                            301
/posts/atri-my-dear-moments/                                  /note/atri-my-dear-moments                            301
/post/auto_theme_comments_system_with_comments_widget/        /note/auto-theme-comments-system-with-comments-widget 301
/post/auto_theme_comments_system_with_comments_widget         /note/auto-theme-comments-system-with-comments-widget 301
/posts/auto_theme_comments_system_with_comments_widget/       /note/auto-theme-comments-system-with-comments-widget 301
/posts/auto_theme_comments_system_with_comments_widget        /note/auto-theme-comments-system-with-comments-widget 301
/posts/auto-theme-comments-system-with-comments-widget/       /note/auto-theme-comments-system-with-comments-widget 301
/post/yuuki_bakuhatsu_bang_bravern/                           /note/bang-bravern                                    301
/post/yuuki_bakuhatsu_bang_bravern                            /note/bang-bravern                                    301
/post/bang_bravern/                                           /note/bang-bravern                                    301
/post/bang_bravern                                            /note/bang-bravern                                    301
/posts/bang_bravern/                                          /note/bang-bravern                                    301
/posts/bang_bravern                                           /note/bang-bravern                                    301
/posts/bang-bravern/                                          /note/bang-bravern                                    301
/post/bang_dream_ave_mujica/                                  /note/bang-dream-ave-mujica                           301
/post/bang_dream_ave_mujica                                   /note/bang-dream-ave-mujica                           301
/posts/bang_dream_ave_mujica/                                 /note/bang-dream-ave-mujica                           301
/posts/bang_dream_ave_mujica                                  /note/bang-dream-ave-mujica                           301
/posts/bang-dream-ave-mujica/                                 /note/bang-dream-ave-mujica                           301
/post/sono_bisque_doll_wa_koi_o_suru/                         /note/bisque-koi                                      301
/post/sono_bisque_doll_wa_koi_o_suru                          /note/bisque-koi                                      301
/post/bisque_koi/                                             /note/bisque-koi                                      301
/post/bisque_koi                                              /note/bisque-koi                                      301
/posts/bisque_koi/                                            /note/bisque-koi                                      301
/posts/bisque_koi                                             /note/bisque-koi                                      301
/posts/bisque-koi/                                            /note/bisque-koi                                      301
/post/blog_bangumi/                                           /note/blog-bangumi                                    301
/post/blog_bangumi                                            /note/blog-bangumi                                    301
/posts/blog_bangumi/                                          /note/blog-bangumi                                    301
/posts/blog_bangumi                                           /note/blog-bangumi                                    301
/posts/blog-bangumi/                                          /note/blog-bangumi                                    301
/post/blog_summary/                                           /note/blog-summary                                    301
/post/blog_summary                                            /note/blog-summary                                    301
/posts/blog_summary/                                          /note/blog-summary                                    301
/posts/blog_summary                                           /note/blog-summary                                    301
/posts/blog-summary/                                          /note/blog-summary                                    301
/posts/blog_summary2/                                         /note/blog-summary2                                   301
/posts/blog_summary2                                          /note/blog-summary2                                   301
/posts/blog-summary2/                                         /note/blog-summary2                                   301
/post/bocchi_the_rock/                                        /note/bocchi-the-rock                                 301
/post/bocchi_the_rock                                         /note/bocchi-the-rock                                 301
/posts/bocchi_the_rock/                                       /note/bocchi-the-rock                                 301
/posts/bocchi_the_rock                                        /note/bocchi-the-rock                                 301
/posts/bocchi-the-rock/                                       /note/bocchi-the-rock                                 301
/post/bokuyaba_season2/                                       /note/bokuyaba-season2                                301
/post/bokuyaba_season2                                        /note/bokuyaba-season2                                301
/posts/bokuyaba_season2/                                      /note/bokuyaba-season2                                301
/posts/bokuyaba_season2                                       /note/bokuyaba-season2                                301
/posts/bokuyaba-season2/                                      /note/bokuyaba-season2                                301
/posts/chiramune/                                             /note/chiramune                                       301
/post/chroma_shift_and_rgb_shift/                             /note/chroma-shift-and-rgb-shift                      301
/post/chroma_shift_and_rgb_shift                              /note/chroma-shift-and-rgb-shift                      301
/posts/chroma_shift_and_rgb_shift/                            /note/chroma-shift-and-rgb-shift                      301
/posts/chroma_shift_and_rgb_shift                             /note/chroma-shift-and-rgb-shift                      301
/posts/chroma-shift-and-rgb-shift/                            /note/chroma-shift-and-rgb-shift                      301
/post/d4dj_first_mix/                                         /note/d4dj-first-mix                                  301
/post/d4dj_first_mix                                          /note/d4dj-first-mix                                  301
/posts/d4dj_first_mix/                                        /note/d4dj-first-mix                                  301
/posts/d4dj_first_mix                                         /note/d4dj-first-mix                                  301
/posts/d4dj-first-mix/                                        /note/d4dj-first-mix                                  301
/post/dandadan/                                               /note/dandadan                                        301
/post/dandadan                                                /note/dandadan                                        301
/posts/dandadan/                                              /note/dandadan                                        301
/post/danjon_meshi/                                           /note/danjon-meshi                                    301
/post/danjon_meshi                                            /note/danjon-meshi                                    301
/posts/danjon_meshi/                                          /note/danjon-meshi                                    301
/posts/danjon_meshi                                           /note/danjon-meshi                                    301
/posts/danjon-meshi/                                          /note/danjon-meshi                                    301
/collected_articles/www.bilibili.com/opus/946810933277098003/ /note/episode12-adaptation-and-s3-summary             301
/collected_articles/www.bilibili.com/opus/946810933277098003  /note/episode12-adaptation-and-s3-summary             301
/posts/episode12_adaptation_and_s3_summary/                   /note/episode12-adaptation-and-s3-summary             301
/posts/episode12_adaptation_and_s3_summary                    /note/episode12-adaptation-and-s3-summary             301
/posts/episode12-adaptation-and-s3-summary/                   /note/episode12-adaptation-and-s3-summary             301
/posts/exploring_vitepress/                                   /note/exploring-vitepress                             301
/posts/exploring_vitepress                                    /note/exploring-vitepress                             301
/posts/exploring-vitepress/                                   /note/exploring-vitepress                             301
/posts/food_court_de_mata_ashita/                             /note/food-court-de-mata-ashita                       301
/posts/food_court_de_mata_ashita                              /note/food-court-de-mata-ashita                       301
/posts/food-court-de-mata-ashita/                             /note/food-court-de-mata-ashita                       301
/post/from_papermod_to_blowfish/                              /note/from-papermod-to-blowfish                       301
/post/from_papermod_to_blowfish                               /note/from-papermod-to-blowfish                       301
/posts/from_papermod_to_blowfish/                             /note/from-papermod-to-blowfish                       301
/posts/from_papermod_to_blowfish                              /note/from-papermod-to-blowfish                       301
/posts/from-papermod-to-blowfish/                             /note/from-papermod-to-blowfish                       301
/post/from_supabase_to_neon/                                  /note/from-supabase-to-neon                           301
/post/from_supabase_to_neon                                   /note/from-supabase-to-neon                           301
/posts/from_supabase_to_neon/                                 /note/from-supabase-to-neon                           301
/posts/from_supabase_to_neon                                  /note/from-supabase-to-neon                           301
/posts/from-supabase-to-neon/                                 /note/from-supabase-to-neon                           301
/posts/fuwari_is_all_you_need/                                /note/fuwari-is-all-you-need                          301
/posts/fuwari_is_all_you_need                                 /note/fuwari-is-all-you-need                          301
/posts/fuwari-is-all-you-need/                                /note/fuwari-is-all-you-need                          301
/posts/fuwari_responsive_images/                              /note/fuwari-responsive-images                        301
/posts/fuwari_responsive_images                               /note/fuwari-responsive-images                        301
/posts/fuwari-responsive-images/                              /note/fuwari-responsive-images                        301
/post/gimai_seikatsu/                                         /note/gimai-seikatsu                                  301
/post/gimai_seikatsu                                          /note/gimai-seikatsu                                  301
/posts/gimai_seikatsu/                                        /note/gimai-seikatsu                                  301
/posts/gimai_seikatsu                                         /note/gimai-seikatsu                                  301
/posts/gimai-seikatsu/                                        /note/gimai-seikatsu                                  301
/post/hanashura/                                              /note/hanashura                                       301
/post/hanashura                                               /note/hanashura                                       301
/posts/hanashura/                                             /note/hanashura                                       301
/posts/hibimeshi/                                             /note/hibimeshi                                       301
/post/hime-sama_goumon_no_jikan_desu/                         /note/himesama-goumon                                 301
/post/hime-sama_goumon_no_jikan_desu                          /note/himesama-goumon                                 301
/post/himesama_goumon/                                        /note/himesama-goumon                                 301
/post/himesama_goumon                                         /note/himesama-goumon                                 301
/posts/himesama_goumon/                                       /note/himesama-goumon                                 301
/posts/himesama_goumon                                        /note/himesama-goumon                                 301
/posts/himesama-goumon/                                       /note/himesama-goumon                                 301
/post/hoshikuzu_terepasu/                                     /note/hoshitele                                       301
/post/hoshikuzu_terepasu                                      /note/hoshitele                                       301
/post/hoshitele/                                              /note/hoshitele                                       301
/post/hoshitele                                               /note/hoshitele                                       301
/posts/hoshitele/                                             /note/hoshitele                                       301
/post/hugo_avif_cls/                                          /note/hugo-avif-cls                                   301
/post/hugo_avif_cls                                           /note/hugo-avif-cls                                   301
/posts/hugo_avif_cls/                                         /note/hugo-avif-cls                                   301
/posts/hugo_avif_cls                                          /note/hugo-avif-cls                                   301
/posts/hugo-avif-cls/                                         /note/hugo-avif-cls                                   301
/post/kaishani_sukinahito/                                    /note/kaishani-sukinahito                             301
/post/kaishani_sukinahito                                     /note/kaishani-sukinahito                             301
/posts/kaishani_sukinahito/                                   /note/kaishani-sukinahito                             301
/posts/kaishani_sukinahito                                    /note/kaishani-sukinahito                             301
/posts/kaishani-sukinahito/                                   /note/kaishani-sukinahito                             301
/posts/kamitsubaki/                                           /note/kamitsubaki                                     301
/posts/kaoruhana/                                             /note/kaoruhana                                       301
/post/karasu_wa_aruji_o_erabanai/                             /note/karasu-aruji                                    301
/post/karasu_wa_aruji_o_erabanai                              /note/karasu-aruji                                    301
/post/karasu_aruji/                                           /note/karasu-aruji                                    301
/post/karasu_aruji                                            /note/karasu-aruji                                    301
/posts/karasu_aruji/                                          /note/karasu-aruji                                    301
/posts/karasu_aruji                                           /note/karasu-aruji                                    301
/posts/karasu-aruji/                                          /note/karasu-aruji                                    301
/post/kimi_no_iro/                                            /note/kimi-no-iro                                     301
/post/kimi_no_iro                                             /note/kimi-no-iro                                     301
/posts/kimi_no_iro/                                           /note/kimi-no-iro                                     301
/posts/kimi_no_iro                                            /note/kimi-no-iro                                     301
/posts/kimi-no-iro/                                           /note/kimi-no-iro                                     301
/post/koe_no_katachi/                                         /note/koe-no-katachi                                  301
/post/koe_no_katachi                                          /note/koe-no-katachi                                  301
/posts/koe_no_katachi/                                        /note/koe-no-katachi                                  301
/posts/koe_no_katachi                                         /note/koe-no-katachi                                  301
/posts/koe-no-katachi/                                        /note/koe-no-katachi                                  301
/post/look_back/                                              /note/look-back                                       301
/post/look_back                                               /note/look-back                                       301
/posts/look_back/                                             /note/look-back                                       301
/posts/look_back                                              /note/look-back                                       301
/posts/look-back/                                             /note/look-back                                       301
/posts/maebashi_witches/                                      /note/maebashi-witches                                301
/posts/maebashi_witches                                       /note/maebashi-witches                                301
/posts/maebashi-witches/                                      /note/maebashi-witches                                301
/post/mayopan/                                                /note/mayopan                                         301
/post/mayopan                                                 /note/mayopan                                         301
/posts/mayopan/                                               /note/mayopan                                         301
/posts/mono/                                                  /note/mono                                            301
/post/narenare/                                               /note/narenare                                        301
/post/narenare                                                /note/narenare                                        301
/posts/narenare/                                              /note/narenare                                        301
/post/negaposi_angler/                                        /note/negaposi-angler                                 301
/post/negaposi_angler                                         /note/negaposi-angler                                 301
/posts/negaposi_angler/                                       /note/negaposi-angler                                 301
/posts/negaposi_angler                                        /note/negaposi-angler                                 301
/posts/negaposi-angler/                                       /note/negaposi-angler                                 301
/post/netlify_supabase_umami/                                 /note/netlify-supabase-umami                          301
/post/netlify_supabase_umami                                  /note/netlify-supabase-umami                          301
/posts/netlify_supabase_umami/                                /note/netlify-supabase-umami                          301
/posts/netlify_supabase_umami                                 /note/netlify-supabase-umami                          301
/posts/netlify-supabase-umami/                                /note/netlify-supabase-umami                          301
/posts/ninkoro/                                               /note/ninkoro                                         301
/post/overtake/                                               /note/overtake                                        301
/post/overtake                                                /note/overtake                                        301
/posts/overtake/                                              /note/overtake                                        301
/posts/planetarian/                                           /note/planetarian                                     301
/post/pon_no_michi/                                           /note/pon-no-michi                                    301
/post/pon_no_michi                                            /note/pon-no-michi                                    301
/posts/pon_no_michi/                                          /note/pon-no-michi                                    301
/posts/pon_no_michi                                           /note/pon-no-michi                                    301
/posts/pon-no-michi/                                          /note/pon-no-michi                                    301
/post/puniru_wa_kawaii_suraimu/                               /note/puniru-wa-kawaii-suraimu                        301
/post/puniru_wa_kawaii_suraimu                                /note/puniru-wa-kawaii-suraimu                        301
/posts/puniru_wa_kawaii_suraimu/                              /note/puniru-wa-kawaii-suraimu                        301
/posts/puniru_wa_kawaii_suraimu                               /note/puniru-wa-kawaii-suraimu                        301
/posts/puniru-wa-kawaii-suraimu/                              /note/puniru-wa-kawaii-suraimu                        301
/post/ranma_nibun-no-ichi_2024/                               /note/ranma-2024                                      301
/post/ranma_nibun-no-ichi_2024                                /note/ranma-2024                                      301
/post/ranma_2024/                                             /note/ranma-2024                                      301
/post/ranma_2024                                              /note/ranma-2024                                      301
/posts/ranma_2024/                                            /note/ranma-2024                                      301
/posts/ranma_2024                                             /note/ranma-2024                                      301
/posts/ranma-2024/                                            /note/ranma-2024                                      301
/post/renai_daikou/                                           /note/renai-daikou                                    301
/post/renai_daikou                                            /note/renai-daikou                                    301
/posts/renai_daikou/                                          /note/renai-daikou                                    301
/posts/renai_daikou                                           /note/renai-daikou                                    301
/posts/renai-daikou/                                          /note/renai-daikou                                    301
/post/roshidere/                                              /note/roshidere                                       301
/post/roshidere                                               /note/roshidere                                       301
/posts/roshidere/                                             /note/roshidere                                       301
/posts/ruri_no_houseki/                                       /note/ruri-no-houseki                                 301
/posts/ruri_no_houseki                                        /note/ruri-no-houseki                                 301
/posts/ruri-no-houseki/                                       /note/ruri-no-houseki                                 301
/post/sasaki_to_pii-chan/                                     /note/sasaki-to-pii-chan                              301
/post/sasaki_to_pii-chan                                      /note/sasaki-to-pii-chan                              301
/posts/sasaki_to_pii-chan/                                    /note/sasaki-to-pii-chan                              301
/posts/sasaki_to_pii-chan                                     /note/sasaki-to-pii-chan                              301
/posts/sasaki-to-pii-chan/                                    /note/sasaki-to-pii-chan                              301
/post/seiyu_rajio_no_ura_omote/                               /note/seiyuradio                                      301
/post/seiyu_rajio_no_ura_omote                                /note/seiyuradio                                      301
/post/seiyuradio/                                             /note/seiyuradio                                      301
/post/seiyuradio                                              /note/seiyuradio                                      301
/posts/seiyuradio/                                            /note/seiyuradio                                      301
/post/shikanoko_nokonoko_koshitantan/                         /note/shikanoko                                       301
/post/shikanoko_nokonoko_koshitantan                          /note/shikanoko                                       301
/post/shikanoko/                                              /note/shikanoko                                       301
/post/shikanoko                                               /note/shikanoko                                       301
/posts/shikanoko/                                             /note/shikanoko                                       301
/posts/shiunjifamily/                                         /note/shiunjifamily                                   301
/post/shoushimin_series/                                      /note/shoushimin-series                               301
/post/shoushimin_series                                       /note/shoushimin-series                               301
/posts/shoushimin_series/                                     /note/shoushimin-series                               301
/posts/shoushimin_series                                      /note/shoushimin-series                               301
/posts/shoushimin-series/                                     /note/shoushimin-series                               301
/post/shuumatsu_train_doko_e_iku/                             /note/shuumatsu-train                                 301
/post/shuumatsu_train_doko_e_iku                              /note/shuumatsu-train                                 301
/post/shuumatsu_train/                                        /note/shuumatsu-train                                 301
/post/shuumatsu_train                                         /note/shuumatsu-train                                 301
/posts/shuumatsu_train/                                       /note/shuumatsu-train                                 301
/posts/shuumatsu_train                                        /note/shuumatsu-train                                 301
/posts/shuumatsu-train/                                       /note/shuumatsu-train                                 301
/post/sound_euphonium_season3/                                /note/sound-euphonium-season3                         301
/post/sound_euphonium_season3                                 /note/sound-euphonium-season3                         301
/posts/sound_euphonium_season3/                               /note/sound-euphonium-season3                         301
/posts/sound_euphonium_season3                                /note/sound-euphonium-season3                         301
/posts/sound-euphonium-season3/                               /note/sound-euphonium-season3                         301
/post/sousou_no_frieren/                                      /note/sousou-no-frieren                               301
/post/sousou_no_frieren                                       /note/sousou-no-frieren                               301
/posts/sousou_no_frieren/                                     /note/sousou-no-frieren                               301
/posts/sousou_no_frieren                                      /note/sousou-no-frieren                               301
/posts/sousou-no-frieren/                                     /note/sousou-no-frieren                               301
/post/summer_pockets/                                         /note/summer-pockets                                  301
/post/summer_pockets                                          /note/summer-pockets                                  301
/posts/summer_pockets/                                        /note/summer-pockets                                  301
/posts/summer_pockets                                         /note/summer-pockets                                  301
/posts/summer-pockets/                                        /note/summer-pockets                                  301
/posts/takopii_no_genzai/                                     /note/takopii-no-genzai                               301
/posts/takopii_no_genzai                                      /note/takopii-no-genzai                               301
/posts/takopii-no-genzai/                                     /note/takopii-no-genzai                               301
/post/one_room_hiatari_futsuu_tenshi-tsuki/                   /note/tenshitsuki                                     301
/post/one_room_hiatari_futsuu_tenshi-tsuki                    /note/tenshitsuki                                     301
/post/tenshitsuki/                                            /note/tenshitsuki                                     301
/post/tenshitsuki                                             /note/tenshitsuki                                     301
/posts/tenshitsuki/                                           /note/tenshitsuki                                     301
/posts/totono/                                                /note/totono                                          301
/posts/twikoo-cloudflare_update/                              /note/twikoo-cloudflare-update                        301
/posts/twikoo-cloudflare_update                               /note/twikoo-cloudflare-update                        301
/posts/twikoo-cloudflare-update/                              /note/twikoo-cloudflare-update                        301
/post/under_ninja/                                            /note/under-ninja                                     301
/post/under_ninja                                             /note/under-ninja                                     301
/posts/under_ninja/                                           /note/under-ninja                                     301
/posts/under_ninja                                            /note/under-ninja                                     301
/posts/under-ninja/                                           /note/under-ninja                                     301
/post/vanpaia_domitorii/                                      /note/vanpaia-domitorii                               301
/post/vanpaia_domitorii                                       /note/vanpaia-domitorii                               301
/posts/vanpaia_domitorii/                                     /note/vanpaia-domitorii                               301
/posts/vanpaia_domitorii                                      /note/vanpaia-domitorii                               301
/posts/vanpaia-domitorii/                                     /note/vanpaia-domitorii                               301
/post/vtuber_legend/                                          /note/vtuber-legend                                   301
/post/vtuber_legend                                           /note/vtuber-legend                                   301
/posts/vtuber_legend/                                         /note/vtuber-legend                                   301
/posts/vtuber_legend                                          /note/vtuber-legend                                   301
/posts/vtuber-legend/                                         /note/vtuber-legend                                   301
/post/waline/                                                 /note/waline                                          301
/post/waline                                                  /note/waline                                          301
/posts/waline/                                                /note/waline                                          301
/post/watakon_season2/                                        /note/watakon-season2                                 301
/post/watakon_season2                                         /note/watakon-season2                                 301
/posts/watakon_season2/                                       /note/watakon-season2                                 301
/posts/watakon_season2                                        /note/watakon-season2                                 301
/posts/watakon-season2/                                       /note/watakon-season2                                 301
/post/yorukura/                                               /note/yorukura                                        301
/post/yorukura                                                /note/yorukura                                        301
/posts/yorukura/                                              /note/yorukura                                        301
/post/yubisaki_to_renren/                                     /note/yubisaki-to-renren                              301
/post/yubisaki_to_renren                                      /note/yubisaki-to-renren                              301
/posts/yubisaki_to_renren/                                    /note/yubisaki-to-renren                              301
/posts/yubisaki_to_renren                                     /note/yubisaki-to-renren                              301
/posts/yubisaki-to-renren/                                    /note/yubisaki-to-renren                              301
/post/yurukyan_season3/                                       /note/yuru-camp-season3                               301
/post/yurukyan_season3                                        /note/yuru-camp-season3                               301
/post/yuru_camp_season3/                                      /note/yuru-camp-season3                               301
/post/yuru_camp_season3                                       /note/yuru-camp-season3                               301
/posts/yuru_camp_season3/                                     /note/yuru-camp-season3                               301
/posts/yuru_camp_season3                                      /note/yuru-camp-season3                               301
/posts/yuru-camp-season3/                                     /note/yuru-camp-season3                               301
/posts/*                                                      /note/:splat                                          301